{
  "dLearningRate": 0.5,
  "iHiddenNodes": 4,
  "iInputNodes": 2,
  "iOutputNodes": 1,
  "mBiasHidden": {
    "iCols": 1,
    "iRows": 4,
    "vData": [
      3.6744950763484256,
      -2.533385036064965,
      3.6278228698097386,
      -3.752027542546867
    ]
  },
  "mBiasOutput": {
    "iCols": 1,
    "iRows": 1,
    "vData": [
      -0.1349763824168952
    ]
  },
  "mHiddenWeights": {
    "iCols": 4,
    "iRows": 1,
    "vData": [
      0.7807430639259217,
      3.989987336762588,
      -8.993893350412513,
      9.085816429761792
    ]
  },
  "mInputWeights": {
    "iCols": 2,
    "iRows": 4,
    "vData": [
      1.92925205711522,
      1.8416960739381454,
      9.056106672710905,
      8.965119120410078,
      -9.799219518443602,
      13.17871649090649,
      -13.216304111958102,
      9.899061313054217
    ]
  }
}
